{
  "model/models-dbg.js": 1725568682136,
  "controller/App.controller.js": 1725568682136,
  "model/formatter.js": 1725568682136,
  "controller/Worklist.controller.js": 1725568682136,
  "controller/View1.controller.js": 1725568682136,
  "controller/Object.controller.js": 1725568682136,
  "controller/NotFound.controller.js": 1725568682136,
  "controller/ErrorHandler.js": 1725568682136,
  "controller/BaseController.js": 1725568682136,
  "model/models.js": 1725568682136,
  "manifest.json": 1725569761763,
  "Component.js": 1725568682126,
  "controller/ErrorHandler-dbg.js": 1725568682136,
  "controller/ErrorHandler.js.map": 1725569762067,
  "model/formatter-dbg.js": 1725568682136,
  "model/formatter.js.map": 1725569762061,
  "controller/Worklist-dbg.controller.js": 1725568682136,
  "controller/Worklist.controller.js.map": 1725569762091,
  "controller/View1-dbg.controller.js": 1725568682136,
  "controller/View1.controller.js.map": 1725569762055,
  "controller/Object-dbg.controller.js": 1725568682136,
  "controller/Object.controller.js.map": 1725569762083,
  "controller/NotFound-dbg.controller.js": 1725568682136,
  "controller/NotFound.controller.js.map": 1725569762065,
  "controller/App-dbg.controller.js": 1725568682136,
  "controller/App.controller.js.map": 1725569762072,
  "controller/BaseController-dbg.js": 1725568682136,
  "controller/BaseController.js.map": 1725569762072,
  "i18n/i18n.properties": 1725568682136,
  "model/models.js.map": 1725569762075,
  "Component-dbg.js": 1725568682126,
  "Component.js.map": 1725569762080,
  "Component-preload.js": 1725569762210,
  "Component-preload.js.map": 1725569762210,
  "view/Worklist.view.xml": 1725568682136,
  "view/View1.view.xml": 1725568682136,
  "view/ObjectNotFound.view.xml": 1725568682136,
  "view/Object.view.xml": 1725568682136,
  "view/NotFound.view.xml": 1725568682136,
  "view/App.view.xml": 1725568682136,
  "css/style.css": 1725568682136,
  "logout-page.html": 1725568682136,
  "index.html": 1725568682136
}