
{
  "welcomeFile": "/index.html",
  "authenticationMethod": "route",
  "logout": {
    "logoutEndpoint": "/my/logout",
    "logoutPage": "/logout-page.html"
  },
  "routes": [
    {
      "source": "^/northwind/(.*)$",
      "target": "$1",
      "destination": "northwind",
      "authenticationType": "none",
      "csrfProtection": false
    },
    {
      "source": "^/logout-page.html$",
      "service": "html5-apps-repo-rt",
      "authenticationType": "none"
    },
    {
      "source": "^/resources/(.*)$",
      "target": "/resources/$1",
      "authenticationType": "none",
      "destination": "ui5"
    },
    {
      "source": "^/test-resources/(.*)$",
      "target": "/test-resources/$1",
      "authenticationType": "none",
      "destination": "ui5"
    },
    {
      "source": "^/user-api(.*)",
      "service": "sap-approuter-userapi"
    },
    {
      "source": "^/index.html$",
      "service": "html5-apps-repo-rt",
      "cacheControl": "no-cache, no-store, must-revalidate"
    },
    {
      "source": "^(.*)$",
      "target": "$1",
      "service": "html5-apps-repo-rt"
    }
  ]
}